{
    "train_losses": [
        1.5807261445638163,
        1.1916097341596013,
        1.011044212314479,
        0.9006828014807933,
        0.8264905385044224,
        0.7766911366101726,
        0.7268510274112682,
        0.6988395322924075,
        0.6620684913966967,
        0.6446939181641239,
        0.6180413697686646,
        0.5938185993057993,
        0.5801893402548397,
        0.5660450699384255,
        0.5500241845007747,
        0.5334302151904387,
        0.5216826439818458,
        0.5139610461719201,
        0.4986710493521922,
        0.4960216621837348
    ],
    "train_accs": [
        42.06,
        56.994,
        64.092,
        68.21,
        71.324,
        72.93,
        74.718,
        75.508,
        76.648,
        77.602,
        78.528,
        79.336,
        79.644,
        80.028,
        80.77,
        81.222,
        81.816,
        82.142,
        82.426,
        82.66
    ],
    "test_losses": [
        1.2598093944259836,
        0.9910117138790179,
        0.8834382469141031,
        0.7834067578557171,
        0.7416519945180868,
        0.7230212771439855,
        0.7012879599498797,
        0.6408832397642015,
        0.6341341262376761,
        0.6223783553401127,
        0.6113851889024807,
        0.5784527433069446,
        0.5758163272580014,
        0.5751506784294225,
        0.5692856360839892,
        0.5477276169046571,
        0.5450608783130404,
        0.5538453682313992,
        0.542308357697499,
        0.5377282730386227
    ],
    "test_accs": [
        53.82,
        64.66,
        68.55,
        72.45,
        73.91,
        74.54,
        75.8,
        78.4,
        78.69,
        78.88,
        78.88,
        80.37,
        79.98,
        81.17,
        80.86,
        81.28,
        81.17,
        81.22,
        81.87,
        82.03
    ],
    "final_loss": 0.5377282730386227,
    "final_acc": 82.03,
    "class_correct": [
        832.0,
        933.0,
        691.0,
        629.0,
        810.0,
        774.0,
        861.0,
        874.0,
        883.0,
        916.0
    ],
    "class_total": [
        1000.0,
        1000.0,
        1000.0,
        1000.0,
        1000.0,
        1000.0,
        1000.0,
        1000.0,
        1000.0,
        1000.0
    ],
    "best_acc": 82.03,
    "model_type": "cnn",
    "use_mixup": false
}