{
    "train_losses": [
        1.9237928515504998,
        1.7225062950797703,
        1.6258025788285237,
        1.5609319017976142,
        1.5216408370400938,
        1.4896224298135703,
        1.4602908072874063,
        1.4464424726603282,
        1.428793932165941,
        1.416554623705042,
        1.401589926246487,
        1.3895621988779443,
        1.3753166323732537,
        1.3657571479792485,
        1.3583812936187705,
        1.3447271468084487,
        1.3407469088464137,
        1.329907578885403,
        1.3249947046075026,
        1.3165554607005985
    ],
    "train_accs": [
        32.68,
        43.344,
        48.38,
        51.674,
        53.348,
        55.174,
        56.35,
        57.152,
        57.768,
        58.7,
        59.114,
        59.592,
        60.304,
        60.594,
        60.972,
        61.464,
        61.64,
        61.998,
        62.062,
        62.422
    ],
    "test_losses": [
        1.46289568762236,
        1.252818377712105,
        1.1296789540520198,
        1.069367999517465,
        1.057499396650097,
        0.9898221877556813,
        0.981019074403787,
        0.9432974480375459,
        0.9403390967393224,
        0.953321306765834,
        0.8854125044013881,
        0.887197685392597,
        0.8931805174561995,
        0.8980941236773624,
        0.8552559380289875,
        0.8606137067456788,
        0.8492467418501649,
        0.8188402554656886,
        0.843996308272398,
        0.8734039981153947
    ],
    "test_accs": [
        50.63,
        60.23,
        65.83,
        67.63,
        68.1,
        71.84,
        71.15,
        73.32,
        73.72,
        72.57,
        75.23,
        74.63,
        75.92,
        74.15,
        75.97,
        76.14,
        75.94,
        76.62,
        76.16,
        76.29
    ],
    "final_loss": 0.8188402554656886,
    "final_acc": 76.62,
    "class_correct": [
        887.0,
        903.0,
        588.0,
        557.0,
        745.0,
        666.0,
        825.0,
        817.0,
        795.0,
        879.0
    ],
    "class_total": [
        1000.0,
        1000.0,
        1000.0,
        1000.0,
        1000.0,
        1000.0,
        1000.0,
        1000.0,
        1000.0,
        1000.0
    ],
    "best_acc": 76.62,
    "model_type": "cnn",
    "use_mixup": false
}