{
    "train_losses": [
        2.2185527058818457,
        2.1568863370534404,
        2.1245914886674613,
        2.1014501152136136,
        2.082528444507238,
        2.068958920591018,
        2.0551498631382232,
        2.0473809175174256,
        2.0357612087903427,
        2.026255344490871,
        2.0191948663853014,
        2.0152730868600517,
        2.0068562253356896,
        2.0013690369818216,
        1.9948260884760591,
        1.9915102930629955,
        1.986774013780267,
        1.9790618812946408,
        1.974883214896902,
        1.969457814455642
    ],
    "train_accs": [
        19.74,
        25.068,
        27.914,
        29.414,
        30.832,
        31.862,
        32.964,
        33.39,
        34.31,
        34.762,
        35.092,
        35.46,
        35.742,
        35.988,
        36.514,
        36.756,
        36.932,
        37.078,
        37.406,
        37.622
    ],
    "test_losses": [
        1.9292285397082944,
        1.7080697107918654,
        1.651495302779765,
        1.507890963856178,
        1.550885579254054,
        1.4988741044756733,
        1.4447985857347898,
        1.4523950860470156,
        1.4261319773106635,
        1.400052461443068,
        1.4189002664783332,
        1.4225210041939458,
        1.3979257450828069,
        1.4136409789701052,
        1.3555746742441683,
        1.3661518081834045,
        1.3323324209527125,
        1.3092233938506888,
        1.38098619708532,
        1.3355534514294396
    ],
    "test_accs": [
        39.24,
        51.88,
        54.4,
        57.77,
        58.67,
        62.13,
        63.07,
        66.13,
        65.86,
        67.06,
        66.87,
        68.13,
        67.64,
        67.45,
        69.32,
        68.24,
        68.57,
        70.43,
        68.88,
        69.55
    ],
    "final_loss": 1.3092233938506888,
    "final_acc": 70.43,
    "class_correct": [
        755.0,
        835.0,
        525.0,
        554.0,
        655.0,
        582.0,
        816.0,
        751.0,
        797.0,
        773.0
    ],
    "class_total": [
        1000.0,
        1000.0,
        1000.0,
        1000.0,
        1000.0,
        1000.0,
        1000.0,
        1000.0,
        1000.0,
        1000.0
    ],
    "best_acc": 70.43,
    "model_type": "cnn",
    "use_mixup": false
}