{
    "train_losses": [
        1.7848364776357666,
        1.501604845761643,
        1.3659335188853465,
        1.2905249304478736,
        1.2336065185344434,
        1.1932466700863655,
        1.166436403608688,
        1.1375672675459587,
        1.1101860489381854,
        1.0940804007413136,
        1.0736971645404005,
        1.0590553478816587,
        1.0401649507110382,
        1.0282523595463589,
        1.0209750377613565,
        1.0064061977674283,
        0.9963287724863232,
        0.9887548787209689,
        0.9791275576862228,
        0.9663796696211676
    ],
    "train_accs": [
        37.08,
        50.472,
        56.622,
        60.132,
        62.876,
        64.694,
        65.514,
        66.77,
        68.072,
        68.658,
        69.382,
        69.936,
        70.496,
        71.038,
        71.238,
        71.754,
        72.244,
        72.426,
        72.594,
        73.182
    ],
    "test_losses": [
        1.281123494800133,
        1.0848663705813735,
        0.9882830539836159,
        0.8867786639853369,
        0.8157899938052213,
        0.8325411511372917,
        0.8120893919015233,
        0.8078303125840199,
        0.7682148165340665,
        0.7351188327692733,
        0.7569175913364072,
        0.7241889106321938,
        0.6978447716447371,
        0.6792525981045976,
        0.6779374114320248,
        0.6991048477873018,
        0.6927461220493799,
        0.6746102243284636,
        0.6638686317431776,
        0.644893184115615
    ],
    "test_accs": [
        55.31,
        64.27,
        66.99,
        71.15,
        72.77,
        72.71,
        73.89,
        74.01,
        76.64,
        76.9,
        76.42,
        76.88,
        78.9,
        79.02,
        78.36,
        77.51,
        78.38,
        79.22,
        79.53,
        79.72
    ],
    "final_loss": 0.644893184115615,
    "final_acc": 79.72,
    "class_correct": [
        779.0,
        873.0,
        650.0,
        529.0,
        862.0,
        740.0,
        883.0,
        830.0,
        931.0,
        895.0
    ],
    "class_total": [
        1000.0,
        1000.0,
        1000.0,
        1000.0,
        1000.0,
        1000.0,
        1000.0,
        1000.0,
        1000.0,
        1000.0
    ],
    "best_acc": 79.72,
    "model_type": "cnn",
    "use_mixup": false
}