{
    "train_losses": [
        2.0532283392708623,
        1.920437386273728,
        1.8585089746948398,
        1.8106222610034601,
        1.775611795427854,
        1.7483078296227224,
        1.7272635329409938,
        1.7068737443450772,
        1.6911922266416233,
        1.6740639218893807,
        1.6654978774087814,
        1.6525698269114775,
        1.642131156628699,
        1.6273872248656915,
        1.6251068795123673,
        1.618806096294042,
        1.5719240961782157,
        1.5676606326456874,
        1.5593305320081199,
        1.5489306077932763
    ],
    "train_accs": [
        28.304,
        36.568,
        40.34,
        43.236,
        45.08,
        46.948,
        47.832,
        49.124,
        49.878,
        50.834,
        50.984,
        51.754,
        52.186,
        52.676,
        52.628,
        52.776,
        54.718,
        54.978,
        55.344,
        55.586
    ],
    "test_losses": [
        1.5752257893357096,
        1.4255149394651003,
        1.293467251560356,
        1.2040266462519198,
        1.2092078999627995,
        1.1424339534361152,
        1.1257515874090074,
        1.1203310459474973,
        1.069077444227436,
        1.0369064755077604,
        1.059279921688611,
        1.0067277943031698,
        1.033415393738807,
        1.022420805466326,
        1.0265064111238793,
        1.0527438061146797,
        0.9413724685017066,
        0.9466222833983505,
        0.9879705136335348,
        0.9106730207612243
    ],
    "test_accs": [
        49.46,
        56.12,
        61.62,
        64.82,
        66.43,
        67.53,
        69.12,
        70.54,
        71.95,
        72.35,
        72.77,
        72.56,
        73.82,
        73.92,
        74.54,
        74.62,
        75.97,
        75.8,
        76.42,
        76.54
    ],
    "final_loss": 0.9106730207612243,
    "final_acc": 76.54,
    "class_correct": [
        860.0,
        849.0,
        624.0,
        496.0,
        774.0,
        658.0,
        882.0,
        830.0,
        836.0,
        845.0
    ],
    "class_total": [
        1000.0,
        1000.0,
        1000.0,
        1000.0,
        1000.0,
        1000.0,
        1000.0,
        1000.0,
        1000.0,
        1000.0
    ],
    "best_acc": 76.54,
    "model_type": "cnn",
    "use_mixup": false
}