{
    "train_losses": [
        2.1074144602431666,
        1.999939907542275,
        1.96303099531042,
        1.930294786267878,
        1.8953739218699657,
        1.8720235797145484,
        1.8611805381067574,
        1.8451591205718878,
        1.8448429238765747,
        1.814130800459391,
        1.8141121650900682,
        1.805889110431037,
        1.7999731628486262,
        1.780748340784741,
        1.7923233981632516,
        1.7847726387745888,
        1.7740067365529286,
        1.742010692196429,
        1.765519697342992,
        1.7547980492072337
    ],
    "train_accs": [
        24.65435546875,
        31.413884765625,
        33.88523046875,
        36.0895546875,
        38.1361015625,
        39.576265625,
        39.995828125,
        41.204859375,
        41.20706640625,
        42.77060546875,
        42.796875,
        43.36455859375,
        43.56791796875,
        44.82492578125,
        44.1066015625,
        44.4065546875,
        44.89846875,
        46.7075234375,
        45.23691796875,
        45.937078125
    ],
    "test_losses": [
        1.5633864131154893,
        1.4174322478378876,
        1.358905882775029,
        1.2223924277703972,
        1.125322085392626,
        1.1668973519832273,
        1.1259343873096417,
        1.0431326582461973,
        1.0509317592729497,
        1.0344280064860476,
        1.0487006457546089,
        0.9751454327679887,
        1.0209558115729802,
        1.06442593849158,
        0.993719224688373,
        0.9909190090396737,
        0.970241064512277,
        0.9102815495261664,
        0.929496169090271,
        0.9198230655887459
    ],
    "test_accs": [
        47.58,
        52.79,
        58.26,
        63.29,
        65.66,
        66.19,
        68.19,
        69.89,
        71.96,
        71.93,
        71.6,
        72.73,
        73.98,
        72.52,
        73.63,
        73.05,
        76.04,
        76.81,
        76.91,
        77.07
    ],
    "final_loss": 0.9198230655887459,
    "final_acc": 77.07,
    "class_correct": [
        871.0,
        898.0,
        610.0,
        591.0,
        690.0,
        675.0,
        888.0,
        825.0,
        811.0,
        848.0
    ],
    "class_total": [
        1000.0,
        1000.0,
        1000.0,
        1000.0,
        1000.0,
        1000.0,
        1000.0,
        1000.0,
        1000.0,
        1000.0
    ],
    "best_acc": 77.07,
    "model_type": "cnn",
    "use_mixup": true
}