{
    "train_losses": [
        1.9433186215817775,
        1.7550626703540382,
        1.6611709795949403,
        1.5975864540280589,
        1.5542636219497836,
        1.5195614584266681,
        1.4946796473334818,
        1.4633409903787287,
        1.4458666100831288,
        1.4281858224088273,
        1.4111415349004213,
        1.4003361445253768,
        1.3874833614320097,
        1.3773099677946867,
        1.3656454958269357,
        1.3589289750894318,
        1.3479131758975251,
        1.3347591939179793,
        1.3261374873883278,
        1.318107553760109
    ],
    "train_accs": [
        32.168,
        42.232,
        47.19,
        50.416,
        52.936,
        54.386,
        55.774,
        57.354,
        58.138,
        58.928,
        59.474,
        60.128,
        60.6,
        60.966,
        61.49,
        61.872,
        62.09,
        62.554,
        62.82,
        63.082
    ],
    "test_losses": [
        1.4297370850285398,
        1.3081082935574688,
        1.1683846757381777,
        1.037735748894607,
        1.0562513425380369,
        1.0271667709833459,
        1.02657673026942,
        0.9320176243782043,
        0.9088295992416672,
        0.9170676288725454,
        0.9003900598876083,
        0.8833028923107099,
        0.8817059820211386,
        0.8599287460121927,
        0.8810416475127015,
        0.8401555584955819,
        0.8446851893316342,
        0.9315241416798362,
        0.8292451327360129,
        0.8162565518029129
    ],
    "test_accs": [
        50.56,
        59.31,
        63.31,
        66.36,
        69.59,
        69.14,
        71.24,
        72.09,
        73.0,
        73.91,
        74.93,
        74.8,
        75.59,
        75.61,
        75.93,
        76.55,
        76.59,
        75.69,
        77.15,
        76.68
    ],
    "final_loss": 0.8292451327360129,
    "final_acc": 77.15,
    "class_correct": [
        770.0,
        926.0,
        627.0,
        642.0,
        790.0,
        680.0,
        864.0,
        730.0,
        897.0,
        789.0
    ],
    "class_total": [
        1000.0,
        1000.0,
        1000.0,
        1000.0,
        1000.0,
        1000.0,
        1000.0,
        1000.0,
        1000.0,
        1000.0
    ],
    "best_acc": 77.15,
    "model_type": "cnn",
    "use_mixup": false
}